<?xml version="1.0"?>
<ruleset xmlns="http://pmd.sourceforge.net/ruleset/2.0.0"
  xmlns:xsi="http://www.w3.org/2001/XMLSchema-instance"
  xsi:schemaLocation
    ="http://pmd.sourceforge.net/ruleset/2.0.0 http://pmd.sourceforge.net/ruleset_2_0_0.xsd">
  <rule ref="rulesets/java/comments.xml/CommentRequired">
    <description>Leading comments are required before public methods.</description>
    <properties>
      <property name="fieldCommentRequirement" value="Ignored"/>
      <property name="protectedMethodCommentRequirement" value="Ignored"/>
      <property name="publicMethodCommentRequirement" value="Required"/>
      <property name="headerCommentRequirement" value="Ignored"/>
    </properties>
  </rule>
  <rule ref="rulesets/java/naming.xml/MethodNamingConventions"/>
</ruleset>
