<?xml version='1.0' encoding='UTF-8'?><task xmlns:unit="urn:proforma:tests:unittest:v1" xmlns:praktomat="urn:proforma:praktomat:v0.2"  xmlns="urn:proforma:task:v1.0.1" xmlns:jartest="urn:proforma:tests:jartest:v1" uuid="82028af4-5dcb-4418-a585-ad0ac38bcc75" lang="de"><description><![CDATA[<p><translated><lang which="en">
The following code is not well formatted and does not contain any comments. Save the code in a class called "Greeting" which is well formatted and contains an adequate amount of comments.<br /><br /><tt>public class Greeting {public String ausgabe(){return "Hello World!";}   public static void main(String[] args) {Greeting h = new Greeting();System.out.println(h.ausgabe());}}</tt>
</lang>
<lang which="de">
Der folgende Code befindet sich in einer un&uuml;bersichtlichen Formatierung und enth&auml;lt keinerlei Kommentare. Erstellen Sie eine Klasse "Greeting", in der Sie eine formatierte und kommentierte Version des Codes erstellen.<br /><br /><tt>public class Greeting {public String ausgabe(){return "Hello World!";}   public static void main(String[] args) {Greeting h = new Greeting();System.out.println(h.ausgabe());}}</tt>
</lang>
<lang which="default">
The following code is not well formatted and does not contain any comments. Save the code in a class called "Greeting" which is well formatted and contains an adequate amount of comments.<br /><br /><tt>public class Greeting {public String ausgabe(){return "Hello World!";}   public static void main(String[] args) {Greeting h = new Greeting();System.out.println(h.ausgabe());}}</tt>
</lang></translated></p>
]]></description><proglang version="1.6">java</proglang><submission-restrictions><regexp-restriction max-size="1000" mime-type-regexp="^(text/.*)$"/></submission-restrictions><files><file class="internal" filename="sun_checks_6_4.xml" id="1" type="embedded" comment=""><![CDATA[<?xml version="1.0"?>
<!DOCTYPE module PUBLIC
    "-//Puppy Crawl//DTD Check Configuration 1.2//EN"
    "http://www.puppycrawl.com/dtds/configuration_1_2.dtd">

<module name="Checker">

    <!-- Checks that a package.html file exists for each package.     -->
    <!-- See http://checkstyle.sf.net/config_javadoc.html#PackageHtml -->
    <!--<module name="PackageHtml"/>-->

    <!-- Checks whether files end with a new line.                        -->
    <!-- See http://checkstyle.sf.net/config_misc.html#NewlineAtEndOfFile -->
    <!--<module name="NewlineAtEndOfFile"/>-->

    <!-- Checks that property files contain the same keys.         -->
    <!-- See http://checkstyle.sf.net/config_misc.html#Translation -->
    <module name="Translation"/>
    <module name="FileLength"/>

    <module name="TreeWalker">

        <!-- Checks for Javadoc comments.                     -->
        <!-- See http://checkstyle.sf.net/config_javadoc.html -->
        <!--<module name="JavadocMethod"/>
        <module name="JavadocType"/>
        <module name="JavadocVariable"/>
        <module name="JavadocStyle"/>
        -->

        <!-- Checks for Naming Conventions.                  -->
        <!-- See http://checkstyle.sf.net/config_naming.html -->
        <module name="ConstantName"/>
        <module name="LocalFinalVariableName"/>
        <module name="LocalVariableName"/>
        <module name="MemberName"/>
        <module name="MethodName"/>
        <module name="PackageName"/>
        <module name="ParameterName"/>
        <module name="StaticVariableName"/>
        <module name="TypeName"/>


        <!-- Checks for Headers                                -->
        <!-- See http://checkstyle.sf.net/config_header.html   -->
        <!-- <module name="Header">                            -->
            <!-- The follow property value demonstrates the ability     -->
            <!-- to have access to ANT properties. In this case it uses -->
            <!-- the ${basedir} property to allow Checkstyle to be run  -->
            <!-- from any directory within a project. See property      -->
            <!-- expansion,                                             -->
            <!-- http://checkstyle.sf.net/config.html#properties        -->
            <!-- <property                                              -->
            <!--     name="headerFile"                                  -->
            <!--     value="${basedir}/java.header"/>                   -->
        <!-- </module> -->

        <!-- Following interprets the header file as regular expressions. -->
        <!-- <module name="RegexpHeader"/>                                -->


        <!-- Checks for imports                              -->
        <!-- See http://checkstyle.sf.net/config_import.html -->
        <module name="AvoidStarImport"/>
        <module name="IllegalImport"/> <!-- defaults to sun.* packages -->
        <module name="RedundantImport"/>
        <module name="UnusedImports"/>


        <!-- Checks for Size Violations.                    -->
        <!-- See http://checkstyle.sf.net/config_sizes.html -->
        <module name="LineLength"/>
        <module name="MethodLength"/>
        <module name="ParameterNumber"/>


        <!-- Checks for whitespace                               -->
        <!-- See http://checkstyle.sf.net/config_whitespace.html -->
        <module name="EmptyForIteratorPad"/>
        <module name="MethodParamPad"/>
        <module name="NoWhitespaceAfter"/>
        <module name="NoWhitespaceBefore"/>
        <module name="OperatorWrap"/>
        <module name="ParenPad"/>
        <module name="TypecastParenPad"/>
        <!--<module name="TabCharacter"/>-->
        <module name="WhitespaceAfter"/>
        <module name="WhitespaceAround"/>


        <!-- Modifier Checks                                    -->
        <!-- See http://checkstyle.sf.net/config_modifiers.html -->
        <module name="ModifierOrder"/>
        <module name="RedundantModifier"/>


        <!-- Checks for blocks. You know, those {}'s         -->
        <!-- See http://checkstyle.sf.net/config_blocks.html -->
        <module name="AvoidNestedBlocks"/>
        <module name="EmptyBlock"/>
        <module name="LeftCurly"/>
        <module name="NeedBraces"/>
        <module name="RightCurly"/>


        <!-- Checks for common coding problems               -->
        <!-- See http://checkstyle.sf.net/config_coding.html -->
        <module name="AvoidInlineConditionals"/>
        <module name="EmptyStatement"/>
        <module name="EqualsHashCode"/>
        <module name="HiddenField"/>
        <module name="IllegalInstantiation"/>
        <module name="InnerAssignment"/>
        <module name="MagicNumber"/>
        <module name="MissingSwitchDefault"/>
        <module name="SimplifyBooleanExpression"/>
        <module name="SimplifyBooleanReturn"/>

        <!-- Checks for class design                         -->
        <!-- See http://checkstyle.sf.net/config_design.html -->
        <!--<module name="DesignForExtension"/>-->
        <module name="FinalClass"/>
        <module name="HideUtilityClassConstructor"/>
        <module name="InterfaceIsType"/>
        <module name="VisibilityModifier"/>


        <!-- Miscellaneous other checks.                   -->
        <!-- See http://checkstyle.sf.net/config_misc.html -->
        <module name="ArrayTypeStyle"/>
        <!--<module name="FinalParameters"/>-->
       <!-- <module name="GenericIllegalRegexp">
            <property name="format" value="\s+$"/>
            <property name="message" value="Line has trailing spaces."/>
        </module> -->
        <module name="TodoComment"/>
        <module name="UpperEll"/>
        <module name="Indentation"/>

    </module>

</module>
]]></file><file class="internal" filename="Greeting.java" id="2" type="embedded" comment=""><![CDATA[public class Greeting {

    /**
     * Methode gibt "Hello World!" zurueck.
     * 
     * @return String "Hello World!"
     */
    public String ausgabe() {
        return "Hello World!";
    }

    /**
     * Main-Methode, regelt die Konsolenausgabe
     * 
     * @param args
     */
    public static void main(String[] args) {
        Greeting h = new Greeting();
        System.out.println(h.ausgabe());
    }
}
]]></file></files><model-solutions><model-solution id="1" comment=""><filerefs><fileref refid="2"/></filerefs></model-solution></model-solutions><tests><test id="1"><title>Java - Compiler</title><test-type>java-compilation</test-type><test-configuration><test-meta-data><praktomat:public>True</praktomat:public><praktomat:required>True</praktomat:required><praktomat:always>True</praktomat:always><praktomat:config-CompilerFlags/><praktomat:config-CompilerOutputFlags/><praktomat:config-CompilerLibs>JAVA_LIBS</praktomat:config-CompilerLibs><praktomat:config-CompilerFilePattern>^.*\.[jJ][aA][vV][aA]$</praktomat:config-CompilerFilePattern></test-meta-data></test-configuration></test><test id="3"><title>CheckStyle</title><test-type>java-checkstyle</test-type><test-configuration><filerefs><fileref refid="1"/></filerefs><praktomat:version>6.2</praktomat:version><test-meta-data><praktomat:public>True</praktomat:public><praktomat:required>True</praktomat:required><praktomat:always>True</praktomat:always><praktomat:max-checkstyle-warnings>0</praktomat:max-checkstyle-warnings></test-meta-data></test-configuration></test></tests><grading-hints/><meta-data><title>Formatierung berichtigen</title><praktomat:allowed-upload-filename-mimetypes>(text/.*)</praktomat:allowed-upload-filename-mimetypes></meta-data></task>