<?xml version="1.0" ?>
<p:submission xmlns:e="urn:graja:extendproforma:v2.0.0" xmlns:p="urn:proforma:v2.0.1">
  <p:included-task-file>
    <p:attached-zip-file>task.zip</p:attached-zip-file>
  </p:included-task-file>
  <p:files>
    <p:file>
      <p:attached-txt-file>geom/Circle.java</p:attached-txt-file>
    </p:file>
  </p:files>
  <p:lms>
    <p:submission-datetime>2019-09-14T10:18:17.966+02:00</p:submission-datetime>
    <e:debugSwitches>
      <e:keepStarterWorkspace>true</e:keepStarterWorkspace>
      <e:keepBackendWorkspace>true</e:keepBackendWorkspace>
    </e:debugSwitches>
    <e:proformaSubmissionData>
      <e:maxSubmissionUnpackSizeKib>100000</e:maxSubmissionUnpackSizeKib>
      <e:includeScores>false</e:includeScores>
      <e:includeConsoleOutput>true</e:includeConsoleOutput>
      <e:useJavascript>false</e:useJavascript>
    </e:proformaSubmissionData>
  </p:lms>
  <p:result-spec format="xml" structure="separate-test-feedback">
    <p:student-feedback-level>info</p:student-feedback-level>
  </p:result-spec>
</p:submission>
