<?xml version="1.0" ?>
<p:task xmlns:e="urn:graja:extendproforma:v2.0.0" xmlns:p="urn:proforma:v2.0.1" xmlns:u="urn:proforma:tests:unittest:v1.1" uuid="c09c338e-a87d-4fc1-a455-fd84ba3d9650" lang="de">
  <p:title>Circle</p:title>
  <p:description><![CDATA[
<p>Schreiben Sie eine Klasse <code>geom.Circle</code> mit zwei statischen Methoden <code>calcArea</code> und <code>calcRadius</code>. Die erste Methode soll für einen gegebenen Radius die Kreisfläche berechnen, die zweite Methode soll die Umkehrfunktion berechnen.</p>
]]></p:description>
  <p:internal-description/>
  <p:proglang version="8">java</p:proglang>
  <p:submission-restrictions max-size="10000">
    <p:file-restriction required="true" pattern-format="none">/geom/Circle.java</p:file-restriction>
  </p:submission-restrictions>
  <p:files>
    <p:file id="junitjar" used-by-grader="true" visible="no">
      <p:attached-bin-file>attachment/Grader.jar</p:attached-bin-file>
    </p:file>
    <p:file id="pmdcfg" used-by-grader="true" visible="no">
      <p:attached-txt-file encoding="UTF-8">attachment/rules.xml</p:attached-txt-file>
    </p:file>
    <p:file id="checkstylecfg" used-by-grader="true" visible="no">
      <p:attached-txt-file encoding="UTF-8">attachment/checks.xml</p:attached-txt-file>
    </p:file>
    <p:file id="javatypesel" used-by-grader="true" visible="no">
      <p:embedded-txt-file filename="javatypesel">
        include-package=geom
    </p:embedded-txt-file>
    </p:file>
    <p:file id="policy" used-by-grader="true" visible="no">
      <p:embedded-txt-file filename="policy">
grantgrader {
    permission java.lang.RuntimePermission "accessDeclaredMembers";
};
grantsubmission {
};
    </p:embedded-txt-file>
    </p:file>
    <p:file id="ms1" used-by-grader="false" visible="no">
      <p:attached-bin-file>samplesolutions/correct/correct.zip</p:attached-bin-file>
    </p:file>
    <p:file id="ms2" used-by-grader="false" visible="no">
      <p:attached-bin-file>samplesolutions/wrong.div/wrong.div.zip</p:attached-bin-file>
    </p:file>
    <p:file id="ms3" used-by-grader="false" visible="no">
      <p:attached-bin-file>samplesolutions/wrong.func/wrong.func.zip</p:attached-bin-file>
    </p:file>
    <p:file id="ms4" used-by-grader="false" visible="no">
      <p:attached-bin-file>samplesolutions/wrong.syntax/wrong.syntax.zip</p:attached-bin-file>
    </p:file>
    <p:file id="ms5" used-by-grader="false" visible="no">
      <p:attached-bin-file>samplesolutions/wrong_empty/wrong_empty.zip</p:attached-bin-file>
    </p:file>
  </p:files>
  <p:model-solutions>
    <p:model-solution id="correct">
      <p:filerefs>
        <p:fileref refid="ms1"></p:fileref>
      </p:filerefs>
    </p:model-solution>
    <p:model-solution id="wrong.div">
      <p:filerefs>
        <p:fileref refid="ms2"></p:fileref>
      </p:filerefs>
    </p:model-solution>
    <p:model-solution id="wrong.func">
      <p:filerefs>
        <p:fileref refid="ms3"></p:fileref>
      </p:filerefs>
    </p:model-solution>
    <p:model-solution id="wrong.syntax">
      <p:filerefs>
        <p:fileref refid="ms4"></p:fileref>
      </p:filerefs>
    </p:model-solution>
    <p:model-solution id="wrong_empty">
      <p:filerefs>
        <p:fileref refid="ms5"></p:fileref>
      </p:filerefs>
    </p:model-solution>
  </p:model-solutions>
  <p:tests>
    <p:test id="compile">
      <p:title>Compilation</p:title>
      <p:test-type>java-compilation</p:test-type>
      <p:test-configuration></p:test-configuration>
    </p:test>
    <p:test id="junit">
      <p:title>JUnit dynamic analysis</p:title>
      <p:test-type>unittest</p:test-type>
      <p:test-configuration>
        <p:filerefs>
          <p:fileref refid="junitjar"></p:fileref>
          <p:fileref refid="policy"></p:fileref>
          <p:fileref refid="javatypesel"></p:fileref>
        </p:filerefs>
        <u:unittest framework="junit" version="4 with Graja customizations">
          <u:entry-point>dom.circle.grader.Tester</u:entry-point>
        </u:unittest>
        <e:computingResources>
          <e:maxRuntimeSecondsWallclockTime>20</e:maxRuntimeSecondsWallclockTime>
          <e:maxDiscQuotaKib>500</e:maxDiscQuotaKib>
          <e:maxMemMib>64</e:maxMemMib>
        </e:computingResources>
      </p:test-configuration>
    </p:test>
    <p:test id="pmd">
      <p:title>PMD static analysis</p:title>
      <p:test-type>java-pmd</p:test-type>
      <p:test-configuration>
        <p:filerefs>
          <p:fileref refid="pmdcfg"></p:fileref>
          <p:fileref refid="javatypesel"></p:fileref>
        </p:filerefs>
      </p:test-configuration>
    </p:test>
    <p:test id="checkstyle">
      <p:title>Checkstyle static analysis</p:title>
      <p:test-type>java-checkstyle</p:test-type>
      <p:test-configuration>
        <p:filerefs>
          <p:fileref refid="checkstylecfg"></p:fileref>
          <p:fileref refid="javatypesel"></p:fileref>
        </p:filerefs>
      </p:test-configuration>
    </p:test>
  </p:tests>
  <p:grading-hints>
    <p:root function="sum">
      <p:test-ref ref="compile" weight="0.8">
        <p:nullify-condition compare-op="ne">
          <p:title>the submitted class does not declare any methods</p:title>
          <p:nullify-test-ref ref="junit" sub-ref="dom.circle.grader.Tester#testMethod"></p:nullify-test-ref>
          <p:nullify-literal value="1.0"></p:nullify-literal>
        </p:nullify-condition>
        <p:title>Syntax</p:title>
      </p:test-ref>
      <p:combine-ref ref="functionality" weight="1.0"></p:combine-ref>
      <p:combine-ref ref="maintainability" weight="1.0">
        <p:nullify-condition compare-op="ne">
          <p:title>the submitted class does not declare any methods</p:title>
          <p:nullify-test-ref ref="junit" sub-ref="dom.circle.grader.Tester#testMethod"></p:nullify-test-ref>
          <p:nullify-literal value="1.0"></p:nullify-literal>
        </p:nullify-condition>
      </p:combine-ref>
    </p:root>
    <p:combine id="functionality" function="sum">
      <p:title>Functionality</p:title>
      <p:test-ref ref="junit" sub-ref="dom.circle.grader.Tester#testRtoA" weight="1.44">
        <p:title>Should calculate area</p:title>
      </p:test-ref>
      <p:test-ref ref="junit" sub-ref="dom.circle.grader.Tester#testAtoR" weight="3.36">
        <p:title>Should calculate radius</p:title>
      </p:test-ref>
    </p:combine>
    <p:combine id="maintainability" function="sum">
      <p:title>Maintainability</p:title>
      <p:combine-ref ref="style" weight="1.0"></p:combine-ref>
      <p:test-ref ref="pmd" sub-ref="CommentRequired" weight="1.68">
        <p:title>Leading comments are required before public methods.</p:title>
      </p:test-ref>
    </p:combine>
    <p:combine id="style" function="min">
      <p:title>Style</p:title>
      <p:test-ref ref="checkstyle" sub-ref="OneStatementPerLine" weight="0.72">
        <p:title>There should be one statement per line</p:title>
      </p:test-ref>
      <p:test-ref ref="pmd" sub-ref="MethodNamingConventions" weight="0.72">
        <p:title>Method names should follow conventions</p:title>
      </p:test-ref>
    </p:combine>
  </p:grading-hints>
  <p:meta-data>
    <e:assignmentMetaData>
      <e:assignmentId>dom.circle</e:assignmentId>
      <e:grajaVersionCompatibility>2.1.0</e:grajaVersionCompatibility>
    </e:assignmentMetaData>
  </p:meta-data>
</p:task>
