<?xml version="1.0" ?>
<p:submission xmlns:e="urn:graja:extendproforma:v2.0.0" xmlns:p="urn:proforma:v2.0.1">
  <p:included-task-file>
    <p:attached-zip-file>task.zip</p:attached-zip-file>
  </p:included-task-file>
  <p:grading-hints>
    <p:root function="sum">
      <p:test-ref ref="compile" weight="0.8">
        <p:nullify-condition compare-op="ne">
          <p:title>the submitted class does not declare any methods</p:title>
          <p:nullify-test-ref ref="junit" sub-ref="dom.circle.grader.Tester#testMethod"></p:nullify-test-ref>
          <p:nullify-literal value="1.0"></p:nullify-literal>
        </p:nullify-condition>
        <p:title>Syntax</p:title>
      </p:test-ref>
      <p:combine-ref ref="functionality" weight="1.0"></p:combine-ref>
      <p:combine-ref ref="maintainability" weight="1.0">
        <p:nullify-condition compare-op="ne">
          <p:title>the submitted class does not declare any methods</p:title>
          <p:nullify-test-ref ref="junit" sub-ref="dom.circle.grader.Tester#testMethod"></p:nullify-test-ref>
          <p:nullify-literal value="1.0"></p:nullify-literal>
        </p:nullify-condition>
      </p:combine-ref>
    </p:root>
    <p:combine id="functionality" function="sum">
      <p:title>Functionality</p:title>
      <p:test-ref ref="junit" sub-ref="dom.circle.grader.Tester#testRtoA" weight="2.4">
        <p:title>Should calculate area</p:title>
      </p:test-ref>
      <p:test-ref ref="junit" sub-ref="dom.circle.grader.Tester#testAtoR" weight="2.4">
        <p:title>Should calculate radius</p:title>
      </p:test-ref>
    </p:combine>
    <p:combine id="maintainability" function="sum">
      <p:title>Maintainability</p:title>
      <p:combine-ref ref="style" weight="1.0"></p:combine-ref>
      <p:test-ref ref="pmd" sub-ref="CommentRequired" weight="1.68">
        <p:title>Leading comments are required before public methods.</p:title>
      </p:test-ref>
    </p:combine>
    <p:combine id="style" function="min">
      <p:title>Style</p:title>
      <p:test-ref ref="checkstyle" sub-ref="OneStatementPerLine" weight="0.72">
        <p:title>There should be one statement per line</p:title>
      </p:test-ref>
      <p:test-ref ref="pmd" sub-ref="MethodNamingConventions" weight="0.72">
        <p:title>Method names should follow conventions</p:title>
      </p:test-ref>
    </p:combine>
  </p:grading-hints>
  <p:files>
    <p:file>
      <p:attached-txt-file>geom/Circle.java</p:attached-txt-file>
    </p:file>
  </p:files>
  <p:lms>
    <p:submission-datetime>2019-09-14T10:18:06.024+02:00</p:submission-datetime>
    <e:debugSwitches>
      <e:keepStarterWorkspace>true</e:keepStarterWorkspace>
      <e:keepBackendWorkspace>true</e:keepBackendWorkspace>
    </e:debugSwitches>
    <e:proformaSubmissionData>
      <e:maxSubmissionUnpackSizeKib>100000</e:maxSubmissionUnpackSizeKib>
      <e:includeScores>false</e:includeScores>
      <e:includeConsoleOutput>true</e:includeConsoleOutput>
      <e:useJavascript>false</e:useJavascript>
    </e:proformaSubmissionData>
  </p:lms>
  <p:result-spec format="xml" structure="merged-test-feedback">
    <p:student-feedback-level>info</p:student-feedback-level>
  </p:result-spec>
</p:submission>
