<?xml version='1.0' encoding='UTF-8'?><task xmlns:unit="urn:proforma:tests:unittest:v1" xmlns:praktomat="urn:proforma:praktomat:v0.2"  xmlns="urn:proforma:task:v1.0.1" xmlns:jartest="urn:proforma:tests:jartest:v1" uuid="70e3248c-4dfa-4f4b-b6f8-0710983f1092" lang="de"><description><![CDATA[<p><translated><lang which="en">
Write a class "Fakultaet" which calculates the factorial (n!) of a number n. This class contains a class method "factorial" which takes in an integer and returns the factorial.
</lang>
<lang which="de">
Schreiben Sie eine Klasse "Fakultaet", die die Fakult&auml;t (n!) einer Zahl n berechnet. Diese Klasse soll eine Klassenmethode "factorial" enthalten, welche eine ganze Zahl &uuml;bergeben bekommt und f&uuml;r diese die Fakult&auml;t berechnet und zur&uuml;ckgibt.
</lang>
<lang which="default">
Write a class "Fakultaet" which calculates the factorial (n!) of a number n. This class contains a class method "factorial" which takes in an integer and returns the factorial.
</lang></translated></p>
]]></description><proglang version="1.6">java</proglang><submission-restrictions><regexp-restriction max-size="1000" mime-type-regexp="^(text/.*)$"/></submission-restrictions><files><file class="internal" filename="Fakultaet.java" id="1" type="embedded" comment=""><![CDATA[public class Fakultaet {

 public static int factorial(int n) {
        if (n == 0) return 1;
	       return n * factorial(n-1);
	           }

		       public static void main(String[] args) {
		               System.out.println("The factorial of 5 is"+factorial(5)+".");
			           }
}]]></file><file class="internal" filename="FakultaetTest.java" id="2" type="embedded" comment=""><![CDATA[import junit.framework.TestCase;

public class FakultaetTest extends TestCase {

    public void test()
    {
        int[] values = new int[]
	    { 0, 1, 2, 3, 4, 5, 6, 7, 8, 9, 10 };

        for (int i = 0; i < values.length; i++)
	    {
	    assertEquals(fakultaet(values[i]), Fakultaet.factorial(values[i]));
	        }
    }

    public int fakultaet(int n)
    {
        if (n == 0)
            return 1;
        else
            return n * fakultaet(n - 1 * Integer.signum(n));
    }

}
]]></file></files><model-solutions><model-solution id="1" comment=""><filerefs><fileref refid="1"/></filerefs></model-solution></model-solutions><tests><test id="1"><title>Java Compiler Test</title><test-type>java-compilation</test-type><test-configuration><test-meta-data><praktomat:public>True</praktomat:public><praktomat:required>True</praktomat:required><praktomat:always>True</praktomat:always><praktomat:config-CompilerFlags/><praktomat:config-CompilerOutputFlags/><praktomat:config-CompilerLibs>JAVA_LIBS</praktomat:config-CompilerLibs><praktomat:config-CompilerFilePattern>^.*\.[jJ][aA][vV][aA]$</praktomat:config-CompilerFilePattern></test-meta-data></test-configuration></test><test id="2"><title>Java JUnit Test</title><test-type>unittest</test-type><test-configuration><filerefs><fileref refid="2"/></filerefs><unit:unittest framework="JUnit" version="4.10"><unit:main-class>FakultaetTest</unit:main-class></unit:unittest><test-meta-data><praktomat:public>True</praktomat:public><praktomat:required>True</praktomat:required><praktomat:always>True</praktomat:always><praktomat:config-testDescription/></test-meta-data></test-configuration></test></tests><grading-hints/><meta-data><title>Iterative Berechnung der Fakultät</title><praktomat:allowed-upload-filename-mimetypes>(text/.*)</praktomat:allowed-upload-filename-mimetypes></meta-data></task>