<?xml version="1.0" encoding="UTF-8" standalone="no"?>
<task xmlns="urn:proforma:task:v1.0.1" xmlns:gate="urn:proforma:gate" xmlns:unit="urn:proforma:tests:unittest:v1" lang="de" parent-uuid="" uuid="917e60a3-f5e4-4d63-aeb7-44eceb9d61b8">
<description>Ergaenzen Sie die angehaengte java Datei um eine Methode "celsiusToFahrenheit" zur Umrechnung von Celsius in Fahrenheit und um eine Methode "fahrenheitToCelsius" zur Umrechnung von Fahrenheit in Celsius.</description>
<proglang version="1.7">java</proglang>
<submission-restrictions>
<regexp-restriction max-size="10485760">TemperaturUmrechner.java</regexp-restriction>
</submission-restrictions>
<files>
<file class="template" comment="" filename="temperatur\TemperaturUmrechner.java" id="1" type="embedded">package temperatur;

public class TemperaturUmrechner {

	public static void main(String[] args) {
		System.out.println("30 Grad Celsius sind" + celsiusToFahrenheit(30) +"Grad Fahrenheit");
	    System.out.println("86 Grad Fahrenheit sind" + fahrenheitToCelsius(86) + "Grad Celsius");
	}	
}
        
</file>
<file class="internal" filename="TemperaturUmrechner.java" id="2" type="embedded">package temperatur;

public class TemperaturUmrechner {

	public static void main(String[] args) {
		System.out.println("30 Grad Celsius sind" + celsiusToFahrenheit(30) +"Grad Fahrenheit");
	    System.out.println("86 Grad Fahrenheit sind" + fahrenheitToCelsius(86) + "Grad Celsius");
	}	
	
    public static double celsiusToFahrenheit(double temperature) {
        return temperature * 1.8 + 32;
	}
		
	public static double fahrenheitToCelsius(double temperature) {
        return (temperature - 32) / 1.8; 
	}	
}
        
</file>
<file class="internal" filename="AllTests.java" id="3" type="embedded">import junit.framework.TestCase;
        import temperatur.TemperaturUmrechner;

        public class AllTests extends TestCase {
	
	        public void testCelsiusToFahrenheit() {
		        assertEquals(32.0, TemperaturUmrechner.celsiusToFahrenheit(0));
		        assertEquals(86.0, TemperaturUmrechner.celsiusToFahrenheit(30));
            }
		
	        public void testFahrenheitToCelcius() {
		        assertEquals(0.0, TemperaturUmrechner.fahrenheitToCelsius(32));
		        assertEquals(30.0, TemperaturUmrechner.fahrenheitToCelsius(86));
	        }
        }
        
</file>
</files>
<model-solutions>
<model-solution comment="" id="1">
<filerefs>
<fileref refid="2"/>
</filerefs>
</model-solution>
</model-solutions>
<tests>
<test id="1">
<title>Syntax-Test</title>
<test-type>java-compilation</test-type>
<test-configuration>
<test-meta-data>
<gate:test-description/>
<gate:times-runnable-by-students show-details-to-students="true">2</gate:times-runnable-by-students>
<gate:tutor-test>true</gate:tutor-test>
</test-meta-data>
</test-configuration>
</test>
<test id="2">
<title>Funktionstest</title>
<test-type>unittest</test-type>
<test-configuration>
<filerefs>
<fileref refid="3"/>
</filerefs>
<unit:unittest framework="JUnit" version="3">
<unit:main-class>AllTests</unit:main-class>
<unit:timeout>15</unit:timeout>
</unit:unittest>
<test-meta-data>
<gate:test-description/>
<gate:times-runnable-by-students show-details-to-students="true">2</gate:times-runnable-by-students>
<gate:tutor-test>true</gate:tutor-test>
</test-meta-data>
</test-configuration>
</test>
</tests>
<grading-hints>
<gate:min-point-step>50</gate:min-point-step>
<gate:pointy-category max-points="200" optional="false">Methode celsiusToFahrenheit</gate:pointy-category>
<gate:pointy-category max-points="200" optional="false">Methode fahrenheitToCelsius</gate:pointy-category>
</grading-hints>
<meta-data>
<title>Temperatur Umrechner</title>
</meta-data>
</task>
